{
    "acados_include_path": "/home/fb/miniconda3/envs/bioptim/include",
    "acados_lib_path": "/home/fb/miniconda3/envs/bioptim/lib",
    "constraints": {
        "C": [],
        "C_e": [],
        "D": [],
        "constr_type": "BGH",
        "constr_type_e": "BGH",
        "idxbu": [
            0,
            1,
            2,
            3
        ],
        "idxbx": [
            0,
            1,
            2,
            3,
            4,
            5,
            6,
            7
        ],
        "idxbx_0": [
            0,
            1,
            2,
            3,
            4,
            5,
            6,
            7
        ],
        "idxbx_e": [
            0,
            1,
            2,
            3,
            4,
            5,
            6,
            7
        ],
        "idxbxe_0": [],
        "idxsbu": [],
        "idxsbx": [],
        "idxsbx_e": [],
        "idxsg": [],
        "idxsg_e": [],
        "idxsh": [],
        "idxsh_e": [],
        "idxsphi": [],
        "idxsphi_e": [],
        "lbu": [
            0.0,
            0.0,
            0.0,
            0.0
        ],
        "lbx": [
            3.0,
            3.0,
            3.0,
            3.0,
            -1.4707963267948965,
            -1.4707963267948965,
            -31.41592653589793,
            -31.41592653589793
        ],
        "lbx_0": [
            3.0,
            3.0,
            3.0,
            3.0,
            0.5,
            0.7,
            0.0,
            0.0
        ],
        "lbx_e": [
            3.0,
            3.0,
            3.0,
            3.0,
            -1.4707963267948965,
            -1.4707963267948965,
            -31.41592653589793,
            -31.41592653589793
        ],
        "lg": [],
        "lg_e": [],
        "lh": [],
        "lh_e": [],
        "lphi": [],
        "lphi_e": [],
        "lsbu": [],
        "lsbx": [],
        "lsbx_e": [],
        "lsg": [],
        "lsg_e": [],
        "lsh": [],
        "lsh_e": [],
        "lsphi": [],
        "lsphi_e": [],
        "ubu": [
            1.0,
            1.0,
            1.0,
            1.0
        ],
        "ubx": [
            12.0,
            12.0,
            12.0,
            12.0,
            1.4707963267948965,
            1.4707963267948965,
            31.41592653589793,
            31.41592653589793
        ],
        "ubx_0": [
            12.0,
            12.0,
            12.0,
            12.0,
            0.9,
            1.1,
            0.0,
            0.0
        ],
        "ubx_e": [
            12.0,
            12.0,
            12.0,
            12.0,
            1.4707963267948965,
            1.4707963267948965,
            31.41592653589793,
            31.41592653589793
        ],
        "ug": [],
        "ug_e": [],
        "uh": [],
        "uh_e": [],
        "uphi": [],
        "uphi_e": [],
        "usbu": [],
        "usbx": [],
        "usbx_e": [],
        "usg": [],
        "usg_e": [],
        "ush": [],
        "ush_e": [],
        "usphi": [],
        "usphi_e": []
    },
    "cost": {
        "Vu": [
            [
                0.0,
                0.0,
                0.0,
                0.0
            ],
            [
                0.0,
                0.0,
                0.0,
                0.0
            ],
            [
                0.0,
                0.0,
                0.0,
                0.0
            ],
            [
                0.0,
                0.0,
                0.0,
                0.0
            ],
            [
                0.0,
                0.0,
                0.0,
                0.0
            ],
            [
                0.0,
                0.0,
                0.0,
                0.0
            ],
            [
                0.0,
                0.0,
                0.0,
                0.0
            ],
            [
                0.0,
                0.0,
                0.0,
                0.0
            ]
        ],
        "Vx": [
            [
                0.0,
                0.0,
                0.0,
                0.0,
                0.0,
                0.0,
                0.0,
                0.0
            ],
            [
                0.0,
                0.0,
                0.0,
                0.0,
                0.0,
                0.0,
                0.0,
                0.0
            ],
            [
                0.0,
                0.0,
                0.0,
                0.0,
                0.0,
                0.0,
                0.0,
                0.0
            ],
            [
                0.0,
                0.0,
                0.0,
                0.0,
                0.0,
                0.0,
                0.0,
                0.0
            ],
            [
                0.0,
                0.0,
                0.0,
                0.0,
                0.0,
                0.0,
                0.0,
                0.0
            ],
            [
                0.0,
                0.0,
                0.0,
                0.0,
                0.0,
                0.0,
                0.0,
                0.0
            ],
            [
                0.0,
                0.0,
                0.0,
                0.0,
                0.0,
                0.0,
                0.0,
                0.0
            ],
            [
                0.0,
                0.0,
                0.0,
                0.0,
                0.0,
                0.0,
                0.0,
                0.0
            ]
        ],
        "Vx_e": [
            [
                0.0,
                0.0,
                0.0,
                0.0,
                0.0,
                0.0,
                0.0,
                0.0
            ],
            [
                0.0,
                0.0,
                0.0,
                0.0,
                0.0,
                0.0,
                0.0,
                0.0
            ],
            [
                0.0,
                0.0,
                0.0,
                0.0,
                0.0,
                0.0,
                0.0,
                0.0
            ],
            [
                0.0,
                0.0,
                0.0,
                0.0,
                0.0,
                0.0,
                0.0,
                0.0
            ]
        ],
        "Vz": [],